Source,Destination,Distance(km)
Agra,Delhi,240
Agra,Kanpur,277
Agra,Lucknow,334
Ahmedabad,Jaipur,660
Ahmedabad,Mumbai,526
Ahmedabad,Pune,663
Ahmedabad,Udaipur,258
Bengaluru,Chennai,346
Bengaluru,Delhi,2174
Bengaluru,Goa,562
Bengaluru,Hyderabad,576
Bengaluru,Kochi,547
Bengaluru,Mumbai,984
Bengaluru,Pune,839
Bhubaneswar,Kolkata,442
Bhubaneswar,Patna,831
Bhubaneswar,Vishakhapatnam,444
Chennai,Delhi,2208
Chennai,Hyderabad,626
Chennai,Kochi,690
Chennai,Kolkata,1666
Chennai,Mumbai,1335
Delhi,Hyderabad,1582
Delhi,Jaipur,307
Delhi,Kolkata,1563
Delhi,Lucknow,548
Delhi,Mumbai,1452
Delhi,Udaipur,688
Goa,Hyderabad,674
Goa,Kochi,755
Goa,Mumbai,585
Goa,Pune,442
Goa,Thiruvananthapuram,1305
Hyderabad,Kolkata,1489
Hyderabad,Mumbai,708
Hyderabad,Pune,562
Hyderabad,Vishakhapatnam,618
Jaipur,Mumbai,1170
Jaipur,Pune,1191
Jaipur,Udaipur,397
Kanpur,Lucknow,115
Kanpur,Varanasi,328
Kochi,Thiruvananthapuram,206
Kolkata,Mumbai,1886
Kolkata,Patna,554
Kolkata,Varanasi,680
Kolkata,Vishakhapatnam,882
Lucknow,Varanasi,312
Mumbai,Pune,148
Mumbai,Udaipur,767
Patna,Varanasi,256
